provider_match_id,source_market,kickoff_time_utc,competition,home_team_name,away_team_name,ft_home_goals,ft_away_goals,target_handicap_side,home_form_points_last5,home_form_points_last10,away_form_points_last5,away_form_points_last10,home_recent_home_form_last5,away_recent_away_form_last5,home_goals_scored_last5,home_goals_conceded_last5,home_goal_diff_last5,away_goals_scored_last5,away_goals_conceded_last5,away_goal_diff_last5,rest_days_home,rest_days_away,rest_days_diff,recent5_rest_days_diff,recent5_hdc_cover_rate_home,recent10_hdc_cover_rate_home,recent5_hdc_cover_rate_away,recent10_hdc_cover_rate_away,recent5_goal_diff_mean_home,recent10_goal_diff_mean_home,recent5_goal_diff_mean_away,recent10_goal_diff_mean_away,recent5_xg_diff_mean_home,recent5_xg_diff_mean_away,recent10_xg_diff_mean_home,recent10_xg_diff_mean_away,recent_hdc_cover_ewm_alpha_0p3_home,recent_hdc_cover_ewm_alpha_0p3_away,recent5_hdc_cover_advantage,recent10_hdc_cover_advantage,h2h_last5_hdc_cover_rate,h2h_last10_hdc_cover_rate,h2h_home_last5_hdc_cover_rate,h2h_last5_hdc_cover_mean,h2h_last10_hdc_cover_mean,h2h_last5_goal_diff_mean,h2h_last5_xg_diff_mean,h2h_sample_size_last5,h2h_sample_size_last10,elo_home_pre,elo_away_pre,elo_diff_pre,history_home_matches_count,history_away_matches_count,missing_home_history_flag,missing_away_history_flag,missing_home_ft_goals_flag,missing_away_ft_goals_flag,handicap_open_line,handicap_close_line,handicap_line_movement,missing_handicap_line_flag,odds_home_open,odds_away_open,odds_home_close,odds_away_close,implied_prob_home_open,implied_prob_away_open,implied_prob_home_close,implied_prob_away_close,missing_odds_flag,hk_line,consensus_line,hk_line_minus_consensus_line,hk_implied_prob_side,hk_implied_prob,consensus_implied_prob_side,consensus_implied_prob,hk_minus_consensus_prob,hk_off_market_flag,hk_off_market_direction,hk_off_market_agree_with_model_flag,home_cover_probability,away_cover_probability,predicted_side,model_probability,confidence_score,model_name,model_approach,market_feature_variant,fold_train_size,fold_retrain_status
50066088,HKJC,2026-03-31 17:00:00+00:00,International Matches,Russia,Mali,0,0,home,0,0,0,0,0,0,0,0,0,0,0,0,,,,,,,,,,,,,,,,,,,,,,,,,,,,0,0,1500.0,1500.0,0.0,0,0,1,1,0,0,,,,1,,,,,,,,,1,,,,,,,,,0,0.0,0,0.5,0.5,home,0.5,0.0,rule_based,direct_cover,market,12,Direct-cover fold retrain skipped: training target has <2 classes and no previous fold model; fallback to rule_based baseline for this fold.
50066089,HKJC,2026-03-31 17:00:00+00:00,International Matches,Hungary,Greece,0,0,home,0,0,0,0,0,0,0,0,0,0,0,0,,,,,,,,,,,,,,,,,,,,,,,,,,,,0,0,1500.0,1500.0,0.0,0,0,1,1,0,0,,,,1,,,,,,,,,1,,,,,,,,,0,0.0,0,0.5,0.5,home,0.5,0.0,rule_based,direct_cover,market,12,Direct-cover fold retrain skipped: training target has <2 classes and no previous fold model; fallback to rule_based baseline for this fold.
50066082,HKJC,2026-03-31 17:30:00+00:00,International Matches,South Africa,Panama,1,2,home,0,0,0,0,0,0,0,0,0,0,0,0,,,,,,,,,,,,,,,,,,,,,,,,,,,,0,0,1500.0,1500.0,0.0,0,0,1,1,0,0,,,,1,,,,,,,,,1,,,,,,,,,0,0.0,0,0.5,0.5,home,0.5,0.0,rule_based,direct_cover,market,12,Direct-cover fold retrain skipped: training target has <2 classes and no previous fold model; fallback to rule_based baseline for this fold.
50065286,HKJC,2026-03-31 18:00:00+00:00,Spanish Division 2,Deportivo,Cordoba,2,0,home,0,0,0,0,0,0,0,0,0,0,0,0,,,,,,,,,,,,,,,,,,,,,,,,,,,,0,0,1500.0,1500.0,0.0,0,0,1,1,0,0,,,,1,,,,,,,,,1,,,,,,,,,0,0.0,0,0.5,0.5,home,0.5,0.0,rule_based,direct_cover,market,12,Direct-cover fold retrain skipped: training target has <2 classes and no previous fold model; fallback to rule_based baseline for this fold.
50065293,HKJC,2026-03-31 18:00:00+00:00,U21 Euro Qualifiers,Switzerland U21,Estonia U21,2,1,home,0,0,0,0,0,0,0,0,0,0,0,0,,,,,,,,,,,,,,,,,,,,,,,,,,,,0,0,1500.0,1500.0,0.0,0,0,1,1,0,0,,,,1,,,,,,,,,1,,,,,,,,,0,0.0,0,0.5,0.5,home,0.5,0.0,rule_based,direct_cover,market,16,Direct-cover fold retrain skipped: training target has <2 classes; reused previous fold model bundle.
50065754,HKJC,2026-03-31 18:00:00+00:00,U21 Euro Qualifiers,England U21,Moldova U21,4,1,home,0,0,0,0,0,0,0,0,0,0,0,0,,,,,,,,,,,,,,,,,,,,,,,,,,,,0,0,1500.0,1500.0,0.0,0,0,1,1,0,0,,,,1,,,,,,,,,1,,,,,,,,,0,0.0,0,0.5,0.5,home,0.5,0.0,rule_based,direct_cover,market,16,Direct-cover fold retrain skipped: training target has <2 classes; reused previous fold model bundle.
50066090,HKJC,2026-03-31 18:00:00+00:00,International Matches,Morocco,Paraguay,2,1,home,0,0,0,0,0,0,0,0,0,0,0,0,,,,,,,,,,,,,,,,,,,,,,,,,,,,0,0,1500.0,1500.0,0.0,0,0,1,1,0,0,,,,1,,,,,,,,,1,,,,,,,,,0,0.0,0,0.5,0.5,home,0.5,0.0,rule_based,direct_cover,market,16,Direct-cover fold retrain skipped: training target has <2 classes; reused previous fold model bundle.
50066091,HKJC,2026-03-31 18:00:00+00:00,International Matches,Peru,Honduras,2,2,home,0,0,0,0,0,0,0,0,0,0,0,0,,,,,,,,,,,,,,,,,,,,,,,,,,,,0,0,1500.0,1500.0,0.0,0,0,1,1,0,0,,,,1,,,,,,,,,1,,,,,,,,,0,0.0,0,0.5,0.5,home,0.5,0.0,rule_based,direct_cover,market,16,Direct-cover fold retrain skipped: training target has <2 classes; reused previous fold model bundle.
50065685,HKJC,2026-03-31 18:30:00+00:00,U21 Euro Qualifiers,Portugal U21,Scotland U21,3,0,home,0,0,0,0,0,0,0,0,0,0,0,0,,,,,,,,,,,,,,,,,,,,,,,,,,,,0,0,1500.0,1500.0,0.0,0,0,1,1,0,0,,,,1,,,,,,,,,1,,,,,,,,,0,0.0,0,0.5,0.5,home,0.5,0.0,rule_based,direct_cover,market,20,Direct-cover fold retrain skipped: training target has <2 classes; reused previous fold model bundle.
50066092,HKJC,2026-03-31 18:30:00+00:00,International Matches,Algeria,Uruguay,0,0,home,0,0,0,0,0,0,0,0,0,0,0,0,,,,,,,,,,,,,,,,,,,,,,,,,,,,0,0,1500.0,1500.0,0.0,0,0,1,1,0,0,,,,1,,,,,,,,,1,,,,,,,,,0,0.0,0,0.5,0.5,home,0.5,0.0,rule_based,direct_cover,market,20,Direct-cover fold retrain skipped: training target has <2 classes; reused previous fold model bundle.
50066093,HKJC,2026-03-31 18:30:00+00:00,International Matches,Scotland,Cote d'Ivoire,0,1,home,0,0,0,0,0,0,0,0,0,0,0,0,,,,,,,,,,,,,,,,,,,,,,,,,,,,0,0,1500.0,1500.0,0.0,0,0,1,1,0,0,,,,1,,,,,,,,,1,,,,,,,,,0,0.0,0,0.5,0.5,home,0.5,0.0,rule_based,direct_cover,market,20,Direct-cover fold retrain skipped: training target has <2 classes; reused previous fold model bundle.
50065932,HKJC,2026-03-31 18:45:00+00:00,WC Qualifiers,Sweden,Poland,3,2,home,0,0,0,0,0,0,0,0,0,0,0,0,,,,,,,,,,,,,,,,,,,,,,,,,,,,0,0,1500.0,1500.0,0.0,0,0,1,1,0,0,,,,1,,,,,,,,,1,,,,,,,,,0,0.0,0,0.5,0.5,home,0.5,0.0,rule_based,direct_cover,market,20,Direct-cover fold retrain skipped: training target has <2 classes; reused previous fold model bundle.
50065933,HKJC,2026-03-31 18:45:00+00:00,WC Qualifiers,Bosnia-Herzegovina,Italy,1,1,home,0,0,0,0,0,0,0,0,0,0,0,0,,,,,,,,,,,,,,,,,,,,,,,,,,,,0,0,1500.0,1500.0,0.0,0,0,1,1,0,0,,,,1,,,,,,,,,1,,,,,,,,,0,0.0,0,0.5,0.5,home,0.5,0.0,rule_based,direct_cover,market,24,Direct-cover fold retrain skipped: training target has <2 classes; reused previous fold model bundle.
50065934,HKJC,2026-03-31 18:45:00+00:00,WC Qualifiers,Kosovo,Turkiye,0,1,home,0,0,0,0,0,0,0,0,0,0,0,0,,,,,,,,,,,,,,,,,,,,,,,,,,,,0,0,1500.0,1500.0,0.0,0,0,1,1,0,0,,,,1,,,,,,,,,1,,,,,,,,,0,0.0,0,0.5,0.5,home,0.5,0.0,rule_based,direct_cover,market,24,Direct-cover fold retrain skipped: training target has <2 classes; reused previous fold model bundle.
50065935,HKJC,2026-03-31 18:45:00+00:00,WC Qualifiers,Czechia,Denmark,1,1,home,0,0,0,0,0,0,0,0,0,0,0,0,,,,,,,,,,,,,,,,,,,,,,,,,,,,0,0,1500.0,1500.0,0.0,0,0,1,1,0,0,,,,1,,,,,,,,,1,,,,,,,,,0,0.0,0,0.5,0.5,home,0.5,0.0,rule_based,direct_cover,market,24,Direct-cover fold retrain skipped: training target has <2 classes; reused previous fold model bundle.
50066094,HKJC,2026-03-31 18:45:00+00:00,International Matches,Ukraine,Albania,1,0,home,0,0,0,0,0,0,0,0,0,0,0,0,,,,,,,,,,,,,,,,,,,,,,,,,,,,0,0,1500.0,1500.0,0.0,0,0,1,1,0,0,,,,1,,,,,,,,,1,,,,,,,,,0,0.0,0,0.5,0.5,home,0.5,0.0,rule_based,direct_cover,market,24,Direct-cover fold retrain skipped: training target has <2 classes; reused previous fold model bundle.
50066095,HKJC,2026-03-31 18:45:00+00:00,International Matches,England,Japan,0,1,home,0,0,0,0,0,0,0,0,0,0,0,0,,,,,,,,,,,,,,,,,,,,,,,,,,,,0,0,1500.0,1500.0,0.0,0,0,1,1,0,0,,,,1,,,,,,,,,1,,,,,,,,,0,0.0,0,0.5,0.5,home,0.5,0.0,rule_based,direct_cover,market,28,Direct-cover fold retrain skipped: training target has <2 classes; reused previous fold model bundle.
50066096,HKJC,2026-03-31 18:45:00+00:00,International Matches,Netherlands,Ecuador,1,1,home,0,0,0,0,0,0,0,0,0,0,0,0,,,,,,,,,,,,,,,,,,,,,,,,,,,,0,0,1500.0,1500.0,0.0,0,0,1,1,0,0,,,,1,,,,,,,,,1,,,,,,,,,0,0.0,0,0.5,0.5,home,0.5,0.0,rule_based,direct_cover,market,28,Direct-cover fold retrain skipped: training target has <2 classes; reused previous fold model bundle.
50066097,HKJC,2026-03-31 18:45:00+00:00,International Matches,Republic of Ireland,North Macedonia,0,0,home,0,0,0,0,0,0,0,0,0,0,0,0,,,,,,,,,,,,,,,,,,,,,,,,,,,,0,0,1500.0,1500.0,0.0,0,0,1,1,0,0,,,,1,,,,,,,,,1,,,,,,,,,0,0.0,0,0.5,0.5,home,0.5,0.0,rule_based,direct_cover,market,28,Direct-cover fold retrain skipped: training target has <2 classes; reused previous fold model bundle.
50066098,HKJC,2026-03-31 18:45:00+00:00,International Matches,Austria,Korea Republic,1,0,home,0,0,0,0,0,0,0,0,0,0,0,0,,,,,,,,,,,,,,,,,,,,,,,,,,,,0,0,1500.0,1500.0,0.0,0,0,1,1,0,0,,,,1,,,,,,,,,1,,,,,,,,,0,0.0,0,0.5,0.5,home,0.5,0.0,rule_based,direct_cover,market,28,Direct-cover fold retrain skipped: training target has <2 classes; reused previous fold model bundle.
50066099,HKJC,2026-03-31 18:45:00+00:00,International Matches,Wales,Northern Ireland,1,1,home,0,0,0,0,0,0,0,0,0,0,0,0,,,,,,,,,,,,,,,,,,,,,,,,,,,,0,0,1500.0,1500.0,0.0,0,0,1,1,0,0,,,,1,,,,,,,,,1,,,,,,,,,0,0.0,0,0.5,0.5,home,0.5,0.0,rule_based,direct_cover,market,32,Direct-cover fold retrain skipped: training target has <2 classes; reused previous fold model bundle.
50066107,HKJC,2026-03-31 18:45:00+00:00,International Matches,Slovakia,Romania,2,0,home,0,0,0,0,0,0,0,0,0,0,0,0,,,,,,,,,,,,,,,,,,,,,,,,,,,,0,0,1500.0,1500.0,0.0,0,0,1,1,0,0,,,,1,,,,,,,,,1,,,,,,,,,0,0.0,0,0.5,0.5,home,0.5,0.0,rule_based,direct_cover,market,32,Direct-cover fold retrain skipped: training target has <2 classes; reused previous fold model bundle.
50065836,HKJC,2026-03-31 19:00:00+00:00,International Matches,Spain,Egypt,0,0,home,0,0,0,0,0,0,0,0,0,0,0,0,,,,,,,,,,,,,,,,,,,,,,,,,,,,0,0,1500.0,1500.0,0.0,0,0,1,1,0,0,,,,1,,,,,,,,,1,,,,,,,,,0,0.0,0,0.5,0.5,home,0.5,0.0,rule_based,direct_cover,market,32,Direct-cover fold retrain skipped: training target has <2 classes; reused previous fold model bundle.
50066100,HKJC,2026-03-31 19:00:00+00:00,International Matches,Senegal,Gambia,3,1,home,0,0,0,0,0,0,0,0,0,0,0,0,,,,,,,,,,,,,,,,,,,,,,,,,,,,0,0,1500.0,1500.0,0.0,0,0,1,1,0,0,,,,1,,,,,,,,,1,,,,,,,,,0,0.0,0,0.5,0.5,home,0.5,0.0,rule_based,direct_cover,market,32,Direct-cover fold retrain skipped: training target has <2 classes; reused previous fold model bundle.
50065287,HKJC,2026-03-31 19:30:00+00:00,Spanish Division 2,Valladolid,Cadiz,3,0,home,0,0,0,0,0,0,0,0,0,0,0,0,,,,,,,,,,,,,,,,,,,,,,,,,,,,0,0,1500.0,1500.0,0.0,0,0,1,1,0,0,,,,1,,,,,,,,,1,,,,,,,,,0,0.0,0,0.5,0.5,home,0.5,0.0,rule_based,direct_cover,market,36,Direct-cover fold retrain skipped: training target has <2 classes; reused previous fold model bundle.
50065895,HKJC,2026-03-31 20:57:00+00:00,Cup Competition,Audax Italiano,Universidad Chile,1,3,home,0,0,0,0,0,0,0,0,0,0,0,0,,,,,,,,,,,,,,,,,,,,,,,,,,,,0,0,1500.0,1500.0,0.0,0,0,1,1,0,0,,,,1,,,,,,,,,1,,,,,,,,,0,0.0,0,0.5,0.5,home,0.5,0.0,rule_based,direct_cover,market,36,Direct-cover fold retrain skipped: training target has <2 classes; reused previous fold model bundle.
50065936,HKJC,2026-03-31 21:00:00+00:00,WC Qualifiers,D R Congo,Jamaica,0,0,home,0,0,0,0,0,0,0,0,0,0,0,0,,,,,,,,,,,,,,,,,,,,,,,,,,,,0,0,1500.0,1500.0,0.0,0,0,1,1,0,0,,,,1,,,,,,,,,1,,,,,,,,,0,0.0,0,0.5,0.5,home,0.5,0.0,rule_based,direct_cover,market,36,Direct-cover fold retrain skipped: training target has <2 classes; reused previous fold model bundle.
50066240,HKJC,2026-03-31 21:57:00+00:00,Uruguayan Division 1,Defensor Sporting,Albion FC,1,1,home,0,0,0,0,0,0,0,0,0,0,0,0,,,,,,,,,,,,,,,,,,,,,,,,,,,,0,0,1500.0,1500.0,0.0,0,0,1,1,0,0,,,,1,,,,,,,,,1,,,,,,,,,0,0.0,0,0.5,0.5,home,0.5,0.0,rule_based,direct_cover,market,36,Direct-cover fold retrain skipped: training target has <2 classes; reused previous fold model bundle.
50065778,HKJC,2026-03-31 23:00:00+00:00,Women Mexican Premier,Club Leon Women,Toluca Women,3,3,home,0,0,0,0,0,0,0,0,0,0,0,0,,,,,,,,,,,,,,,,,,,,,,,,,,,,0,0,1500.0,1500.0,0.0,0,0,1,1,0,0,,,,1,,,,,,,,,1,,,,,,,,,0,0.0,0,0.5,0.5,home,0.5,0.0,rule_based,direct_cover,market,40,Direct-cover fold retrain skipped: training target has <2 classes; reused previous fold model bundle.
50066101,HKJC,2026-03-31 23:00:00+00:00,International Matches,USA,Portugal,0,2,home,0,0,0,0,0,0,0,0,0,0,0,0,,,,,,,,,,,,,,,,,,,,,,,,,,,,0,0,1500.0,1500.0,0.0,0,0,1,1,0,0,,,,1,,,,,,,,,1,,,,,,,,,0,0.0,0,0.5,0.5,home,0.5,0.0,rule_based,direct_cover,market,40,Direct-cover fold retrain skipped: training target has <2 classes; reused previous fold model bundle.
50066102,HKJC,2026-03-31 23:15:00+00:00,International Matches,Argentina,Zambia,5,0,home,0,0,0,0,0,0,0,0,0,0,0,0,,,,,,,,,,,,,,,,,,,,,,,,,,,,0,0,1500.0,1500.0,0.0,0,0,1,1,0,0,,,,1,,,,,,,,,1,,,,,,,,,0,0.0,0,0.5,0.5,home,0.5,0.0,rule_based,direct_cover,market,40,Direct-cover fold retrain skipped: training target has <2 classes; reused previous fold model bundle.
50065896,HKJC,2026-03-31 23:27:00+00:00,Cup Competition,Everton VM,Deportes Limache,1,2,home,0,0,0,0,0,0,0,0,0,0,0,0,,,,,,,,,,,,,,,,,,,,,,,,,,,,0,0,1500.0,1500.0,0.0,0,0,1,1,0,0,,,,1,,,,,,,,,1,,,,,,,,,0,0.0,0,0.5,0.5,home,0.5,0.0,rule_based,direct_cover,market,40,Direct-cover fold retrain skipped: training target has <2 classes; reused previous fold model bundle.
50066104,HKJC,2026-04-01 00:00:00+00:00,International Matches,Brazil,Croatia,3,1,home,0,0,0,0,0,0,0,0,0,0,0,0,,,,,,,,,,,,,,,,,,,,,,,,,,,,0,0,1500.0,1500.0,0.0,0,0,1,1,0,0,,,,1,,,,,,,,,1,,,,,,,,,0,0.0,0,0.5,0.5,home,0.5,0.0,rule_based,direct_cover,market,44,Direct-cover fold retrain skipped: training target has <2 classes; reused previous fold model bundle.
50066103,HKJC,2026-04-01 01:00:00+00:00,International Matches,Canada,Tunisia,0,0,home,0,0,0,0,0,0,0,0,0,0,0,0,,,,,,,,,,,,,,,,,,,,,,,,,,,,0,0,1500.0,1500.0,0.0,0,0,1,1,0,0,,,,1,,,,,,,,,1,,,,,,,,,0,0.0,0,0.5,0.5,home,0.5,0.0,rule_based,direct_cover,market,44,Direct-cover fold retrain skipped: training target has <2 classes; reused previous fold model bundle.
50066105,HKJC,2026-04-01 01:00:00+00:00,International Matches,Mexico,Belgium,1,1,home,0,0,0,0,0,0,0,0,0,0,0,0,,,,,,,,,,,,,,,,,,,,,,,,,,,,0,0,1500.0,1500.0,0.0,0,0,1,1,0,0,,,,1,,,,,,,,,1,,,,,,,,,0,0.0,0,0.5,0.5,home,0.5,0.0,rule_based,direct_cover,market,44,Direct-cover fold retrain skipped: training target has <2 classes; reused previous fold model bundle.
50066241,HKJC,2026-04-01 02:00:00+00:00,US Open Cup,Valley 559 FC,Sacramento Republic,0,4,home,0,0,0,0,0,0,0,0,0,0,0,0,,,,,,,,,,,,,,,,,,,,,,,,,,,,0,0,1500.0,1500.0,0.0,0,0,1,1,0,0,,,,1,,,,,,,,,1,,,,,,,,,0,0.0,0,0.5,0.5,home,0.5,0.0,rule_based,direct_cover,market,44,Direct-cover fold retrain skipped: training target has <2 classes; reused previous fold model bundle.
50065931,HKJC,2026-04-01 03:00:00+00:00,WC Qualifiers,Iraq,Bolivia,2,1,home,0,0,0,0,0,0,0,0,0,0,0,0,,,,,,,,,,,,,,,,,,,,,,,,,,,,0,0,1500.0,1500.0,0.0,0,0,1,1,0,0,,,,1,,,,,,,,,1,,,,,,,,,0,0.0,0,0.5,0.5,home,0.5,0.0,rule_based,direct_cover,market,48,Direct-cover fold retrain skipped: training target has <2 classes; reused previous fold model bundle.
50065846,HKJC,2026-04-01 09:00:00+00:00,U20 Women Asian Cup,China Women U20,Vietnam Women U20,3,0,home,0,0,0,0,0,0,0,0,0,0,0,0,,,,,,,,,,,,,,,,,,,,,,,,,,,,0,0,1500.0,1500.0,0.0,0,0,1,1,0,0,,,,1,,,,,,,,,1,,,,,,,,,0,0.0,0,0.5,0.5,home,0.5,0.0,rule_based,direct_cover,market,48,Direct-cover fold retrain skipped: training target has <2 classes; reused previous fold model bundle.
50065272,HKJC,2026-04-01 10:00:00+00:00,J1 100Y Vision League,Vissel Kobe,Shimizu S-Pulse,2,0,home,0,0,0,0,0,0,0,0,0,0,0,0,,,,,,,,,,,,,,,,,,,,,,,,,,,,0,0,1500.0,1500.0,0.0,0,0,1,1,0,0,,,,1,,,,,,,,,1,,,,,,,,,0,0.0,0,0.5,0.5,home,0.5,0.0,rule_based,direct_cover,market,48,Direct-cover fold retrain skipped: training target has <2 classes; reused previous fold model bundle.
50065273,HKJC,2026-04-01 10:00:00+00:00,J1 100Y Vision League,Machida Zelvia,FC Tokyo,0,3,home,0,0,0,0,0,0,0,0,0,0,0,0,,,,,,,,,,,,,,,,,,,,,,,,,,,,0,0,1500.0,1500.0,0.0,0,0,1,1,0,0,,,,1,,,,,,,,,1,,,,,,,,,0,0.0,0,0.5,0.5,home,0.5,0.0,rule_based,direct_cover,market,48,Direct-cover fold retrain skipped: training target has <2 classes; reused previous fold model bundle.
50065852,HKJC,2026-04-01 12:00:00+00:00,Women Norwegian Division 1,Molde Women,Lyn Women,0,0,home,0,0,0,0,0,0,0,0,0,0,0,0,,,,,,,,,,,,,,,,,,,,,,,,,,,,0,0,1500.0,1500.0,0.0,0,0,1,1,0,0,,,,1,,,,,,,,,1,,,,,,,,,0,0.0,0,0.5,0.5,home,0.5,0.0,rule_based,direct_cover,market,52,Direct-cover fold retrain skipped: training target has <2 classes; reused previous fold model bundle.
50065843,HKJC,2026-04-01 13:00:00+00:00,U20 Women Asian Cup,Thailand Women U20,Bangladesh Women U20,3,2,home,0,0,0,0,0,0,0,0,0,0,0,0,,,,,,,,,,,,,,,,,,,,,,,,,,,,0,0,1500.0,1500.0,0.0,0,0,1,1,0,0,,,,1,,,,,,,,,1,,,,,,,,,0,0.0,0,0.5,0.5,home,0.5,0.0,rule_based,direct_cover,market,52,Direct-cover fold retrain skipped: training target has <2 classes; reused previous fold model bundle.
50065853,HKJC,2026-04-01 14:00:00+00:00,Women Norwegian Division 1,Rosenborg Women,Honefoss Women,2,0,home,0,0,0,0,0,0,0,0,0,0,0,0,,,,,,,,,,,,,,,,,,,,,,,,,,,,0,0,1500.0,1500.0,0.0,0,0,1,1,0,0,,,,1,,,,,,,,,1,,,,,,,,,0,0.0,0,0.5,0.5,home,0.5,0.0,rule_based,direct_cover,market,52,Direct-cover fold retrain skipped: training target has <2 classes; reused previous fold model bundle.
50065854,HKJC,2026-04-01 14:00:00+00:00,Women Norwegian Division 1,Valerenga Women,Roa Women,4,0,home,0,0,0,0,0,0,0,0,0,0,0,0,,,,,,,,,,,,,,,,,,,,,,,,,,,,0,0,1500.0,1500.0,0.0,0,0,1,1,0,0,,,,1,,,,,,,,,1,,,,,,,,,0,0.0,0,0.5,0.5,home,0.5,0.0,rule_based,direct_cover,market,52,Direct-cover fold retrain skipped: training target has <2 classes; reused previous fold model bundle.
50065855,HKJC,2026-04-01 14:00:00+00:00,Women Norwegian Division 1,Bodo Glimt Women,Brann Women,1,4,home,0,0,0,0,0,0,0,0,0,0,0,0,,,,,,,,,,,,,,,,,,,,,,,,,,,,0,0,1500.0,1500.0,0.0,0,0,1,1,0,0,,,,1,,,,,,,,,1,,,,,,,,,0,0.0,0,0.5,0.5,home,0.5,0.0,rule_based,direct_cover,market,56,Direct-cover fold retrain skipped: training target has <2 classes; reused previous fold model bundle.
50065856,HKJC,2026-04-01 14:00:00+00:00,Women Norwegian Division 1,LSK Kvinner Women,Stabaek Women,0,3,home,0,0,0,0,0,0,0,0,0,0,0,0,,,,,,,,,,,,,,,,,,,,,,,,,,,,0,0,1500.0,1500.0,0.0,0,0,1,1,0,0,,,,1,,,,,,,,,1,,,,,,,,,0,0.0,0,0.5,0.5,home,0.5,0.0,rule_based,direct_cover,market,56,Direct-cover fold retrain skipped: training target has <2 classes; reused previous fold model bundle.
50065857,HKJC,2026-04-01 14:00:00+00:00,Women Norwegian Division 1,Haugesund Women,Aalesund Women,3,1,home,0,0,0,0,0,0,0,0,0,0,0,0,,,,,,,,,,,,,,,,,,,,,,,,,,,,0,0,1500.0,1500.0,0.0,0,0,1,1,0,0,,,,1,,,,,,,,,1,,,,,,,,,0,0.0,0,0.5,0.5,home,0.5,0.0,rule_based,direct_cover,market,56,Direct-cover fold retrain skipped: training target has <2 classes; reused previous fold model bundle.
50065897,HKJC,2026-04-01 16:45:00+00:00,Women UE Champions,Bayern Munich Women,Manchester Utd Women,2,1,home,0,0,0,0,0,0,0,0,0,0,0,0,,,,,,,,,,,,,,,,,,,,,,,,,,,,0,0,1500.0,1500.0,0.0,0,0,1,1,0,0,,,,1,,,,,,,,,1,,,,,,,,,0,0.0,0,0.5,0.5,home,0.5,0.0,rule_based,direct_cover,market,56,Direct-cover fold retrain skipped: training target has <2 classes; reused previous fold model bundle.
50065295,HKJC,2026-04-01 17:00:00+00:00,Spanish Division 2,FC Andorra,Malaga,3,3,home,0,0,0,0,0,0,0,0,0,0,0,0,,,,,,,,,,,,,,,,,,,,,,,,,,,,0,0,1500.0,1500.0,0.0,0,0,1,1,0,0,,,,1,,,,,,,,,1,,,,,,,,,0,0.0,0,0.5,0.5,home,0.5,0.0,rule_based,direct_cover,market,60,Direct-cover fold retrain skipped: training target has <2 classes; reused previous fold model bundle.
50065296,HKJC,2026-04-01 18:00:00+00:00,Spanish Division 2,Burgos,Ceuta,1,1,home,0,0,0,0,0,0,0,0,0,0,0,0,,,,,,,,,,,,,,,,,,,,,,,,,,,,0,0,1500.0,1500.0,0.0,0,0,1,1,0,0,,,,1,,,,,,,,,1,,,,,,,,,0,0.0,0,0.5,0.5,home,0.5,0.0,rule_based,direct_cover,market,60,Direct-cover fold retrain skipped: training target has <2 classes; reused previous fold model bundle.
50065297,HKJC,2026-04-01 18:00:00+00:00,Spanish Division 2,Huesca,Cultural Leonesa,1,1,home,0,0,0,0,0,0,0,0,0,0,0,0,,,,,,,,,,,,,,,,,,,,,,,,,,,,0,0,1500.0,1500.0,0.0,0,0,1,1,0,0,,,,1,,,,,,,,,1,,,,,,,,,0,0.0,0,0.5,0.5,home,0.5,0.0,rule_based,direct_cover,market,60,Direct-cover fold retrain skipped: training target has <2 classes; reused previous fold model bundle.
50065673,HKJC,2026-04-01 18:00:00+00:00,Women Scottish Premier,Hearts Women,Celtic Women,4,1,home,0,0,0,0,0,0,0,0,0,0,0,0,,,,,,,,,,,,,,,,,,,,,,,,,,,,0,0,1500.0,1500.0,0.0,0,0,1,1,0,0,,,,1,,,,,,,,,1,,,,,,,,,0,0.0,0,0.5,0.5,home,0.5,0.0,rule_based,direct_cover,market,60,Direct-cover fold retrain skipped: training target has <2 classes; reused previous fold model bundle.
50065911,HKJC,2026-04-01 18:45:00+00:00,Women Scottish Premier,Glasgow City Women,Hibernian Women,0,1,home,0,0,0,0,0,0,0,0,0,0,0,0,,,,,,,,,,,,,,,,,,,,,,,,,,,,0,0,1500.0,1500.0,0.0,0,0,1,1,0,0,,,,1,,,,,,,,,1,,,,,,,,,0,0.0,0,0.5,0.5,home,0.5,0.0,rule_based,direct_cover,market,64,Direct-cover fold retrain skipped: training target has <2 classes; reused previous fold model bundle.
50065860,HKJC,2026-04-01 19:00:00+00:00,Women Brazilian Division 1,Bahia Women,America Mineiro Women,3,1,home,0,0,0,0,0,0,0,0,0,0,0,0,,,,,,,,,,,,,,,,,,,,,,,,,,,,0,0,1500.0,1500.0,0.0,0,0,1,1,0,0,,,,1,,,,,,,,,1,,,,,,,,,0,0.0,0,0.5,0.5,home,0.5,0.0,rule_based,direct_cover,market,64,Direct-cover fold retrain skipped: training target has <2 classes; reused previous fold model bundle.
50065909,HKJC,2026-04-01 19:00:00+00:00,Women UE Champions,Chelsea Women,Arsenal Women,1,0,home,0,0,0,0,0,0,0,0,0,0,0,0,,,,,,,,,,,,,,,,,,,,,,,,,,,,0,0,1500.0,1500.0,0.0,0,0,1,1,0,0,,,,1,,,,,,,,,1,,,,,,,,,0,0.0,0,0.5,0.5,home,0.5,0.0,rule_based,direct_cover,market,64,Direct-cover fold retrain skipped: training target has <2 classes; reused previous fold model bundle.
50065298,HKJC,2026-04-01 19:30:00+00:00,Spanish Division 2,Santander,Gijon,3,1,home,0,0,0,0,0,0,0,0,0,0,0,0,,,,,,,,,,,,,,,,,,,,,,,,,,,,0,0,1500.0,1500.0,0.0,0,0,1,1,0,0,,,,1,,,,,,,,,1,,,,,,,,,0,0.0,0,0.5,0.5,home,0.5,0.0,rule_based,direct_cover,market,64,Direct-cover fold retrain skipped: training target has <2 classes; reused previous fold model bundle.
50065898,HKJC,2026-04-01 20:57:00+00:00,Cup Competition,Colo Colo,Huachipato,1,0,home,0,0,0,0,0,0,0,0,0,0,0,0,,,,,,,,,,,,,,,,,,,,,,,,,,,,0,0,1500.0,1500.0,0.0,0,0,1,1,0,0,,,,1,,,,,,,,,1,,,,,,,,,0,0.0,0,0.5,0.5,home,0.5,0.0,rule_based,direct_cover,market,68,Direct-cover fold retrain skipped: training target has <2 classes; reused previous fold model bundle.
50065858,HKJC,2026-04-01 21:45:00+00:00,Women Mexican Premier,Puebla Women,Queretaro Women,0,0,home,0,0,0,0,0,0,0,0,0,0,0,0,,,,,,,,,,,,,,,,,,,,,,,,,,,,0,0,1500.0,1500.0,0.0,0,0,1,1,0,0,,,,1,,,,,,,,,1,,,,,,,,,0,0.0,0,0.5,0.5,home,0.5,0.0,rule_based,direct_cover,market,68,Direct-cover fold retrain skipped: training target has <2 classes; reused previous fold model bundle.
50066109,HKJC,2026-04-01 21:58:00+00:00,Argentine Cup,Defensa y Justicia,Chaco For Ever,2,1,home,0,0,0,0,0,0,0,0,0,0,0,0,,,,,,,,,,,,,,,,,,,,,,,,,,,,0,0,1500.0,1500.0,0.0,0,0,1,1,0,0,,,,1,,,,,,,,,1,,,,,,,,,0,0.0,0,0.5,0.5,home,0.5,0.0,rule_based,direct_cover,market,68,Direct-cover fold retrain skipped: training target has <2 classes; reused previous fold model bundle.
50065662,HKJC,2026-04-01 22:30:00+00:00,Brazilian Division 1,Botafogo,Mirassol,3,2,home,0,0,0,0,0,0,0,0,0,0,0,0,,,,,,,,,,,,,,,,,,,,,,,,,,,,0,0,1500.0,1500.0,0.0,0,0,1,1,0,0,,,,1,,,,,,,,,1,,,,,,,,,0,0.0,0,0.5,0.5,home,0.5,0.0,rule_based,direct_cover,market,68,Direct-cover fold retrain skipped: training target has <2 classes; reused previous fold model bundle.
50065665,HKJC,2026-04-01 22:30:00+00:00,Brazilian Division 1,Internacional,Sao Paulo,1,1,home,0,0,0,0,0,0,0,0,0,0,0,0,,,,,,,,,,,,,,,,,,,,,,,,,,,,0,0,1500.0,1500.0,0.0,0,0,1,1,0,0,,,,1,,,,,,,,,1,,,,,,,,,0,0.0,0,0.5,0.5,home,0.5,0.0,rule_based,direct_cover,market,72,Direct-cover fold retrain skipped: training target has <2 classes; reused previous fold model bundle.
50065951,HKJC,2026-04-01 22:58:00+00:00,Argentine Division 1,Lanus,CA Platense,0,0,home,0,0,0,0,0,0,0,0,0,0,0,0,,,,,,,,,,,,,,,,,,,,,,,,,,,,0,0,1500.0,1500.0,0.0,0,0,1,1,0,0,,,,1,,,,,,,,,1,,,,,,,,,0,0.0,0,0.5,0.5,home,0.5,0.0,rule_based,direct_cover,market,72,Direct-cover fold retrain skipped: training target has <2 classes; reused previous fold model bundle.
50065664,HKJC,2026-04-01 23:00:00+00:00,Brazilian Division 1,Cruzeiro,Vitoria,3,0,home,0,0,0,0,0,0,0,0,0,0,0,0,,,,,,,,,,,,,,,,,,,,,,,,,,,,0,0,1500.0,1500.0,0.0,0,0,1,1,0,0,,,,1,,,,,,,,,1,,,,,,,,,0,0.0,0,0.5,0.5,home,0.5,0.0,rule_based,direct_cover,market,72,Direct-cover fold retrain skipped: training target has <2 classes; reused previous fold model bundle.
50065666,HKJC,2026-04-01 23:00:00+00:00,Brazilian Division 1,Bahia,Athletico Paranaense,3,0,home,0,0,0,0,0,0,0,0,0,0,0,0,,,,,,,,,,,,,,,,,,,,,,,,,,,,0,0,1500.0,1500.0,0.0,0,0,1,1,0,0,,,,1,,,,,,,,,1,,,,,,,,,0,0.0,0,0.5,0.5,home,0.5,0.0,rule_based,direct_cover,market,72,Direct-cover fold retrain skipped: training target has <2 classes; reused previous fold model bundle.
50065903,HKJC,2026-04-01 23:00:00+00:00,Women Mexican Premier,Necaxa Women,Juarez Women,0,6,home,0,0,0,0,0,0,0,0,0,0,0,0,,,,,,,,,,,,,,,,,,,,,,,,,,,,0,0,1500.0,1500.0,0.0,0,0,1,1,0,0,,,,1,,,,,,,,,1,,,,,,,,,0,0.0,0,0.5,0.5,home,0.5,0.0,rule_based,direct_cover,market,76,Direct-cover fold retrain skipped: training target has <2 classes; reused previous fold model bundle.
50065667,HKJC,2026-04-01 23:30:00+00:00,Brazilian Division 1,Coritiba,Vasco da Gama,1,1,home,0,0,0,0,0,0,0,0,0,0,0,0,,,,,,,,,,,,,,,,,,,,,,,,,,,,0,0,1500.0,1500.0,0.0,0,0,1,1,0,0,,,,1,,,,,,,,,1,,,,,,,,,0,0.0,0,0.5,0.5,home,0.5,0.0,rule_based,direct_cover,market,76,Direct-cover fold retrain skipped: training target has <2 classes; reused previous fold model bundle.
50065861,HKJC,2026-04-02 00:00:00+00:00,US Open Cup,Colorado Springs Switchbacks,Spokane Velocity,1,1,home,0,0,0,0,0,0,0,0,0,0,0,0,,,,,,,,,,,,,,,,,,,,,,,,,,,,0,0,1500.0,1500.0,0.0,0,0,1,1,0,0,,,,1,,,,,,,,,1,,,,,,,,,0,0.0,0,0.5,0.5,home,0.5,0.0,rule_based,direct_cover,market,76,Direct-cover fold retrain skipped: training target has <2 classes; reused previous fold model bundle.
50065880,HKJC,2026-04-02 00:13:00+00:00,Argentine Cup,Instituto de Cordoba,Atletico Atlanta,2,0,home,0,0,0,0,0,0,0,0,0,0,0,0,,,,,,,,,,,,,,,,,,,,,,,,,,,,0,0,1500.0,1500.0,0.0,0,0,1,1,0,0,,,,1,,,,,,,,,1,,,,,,,,,0,0.0,0,0.5,0.5,home,0.5,0.0,rule_based,direct_cover,market,76,Direct-cover fold retrain skipped: training target has <2 classes; reused previous fold model bundle.
50065899,HKJC,2026-04-02 00:30:00+00:00,Brazilian Division 1,Fluminense,Corinthians,3,1,home,0,0,0,0,0,0,0,0,0,0,0,0,,,,,,,,,,,,,,,,,,,,,,,,,,,,0,0,1500.0,1500.0,0.0,0,0,1,1,0,0,,,,1,,,,,,,,,1,,,,,,,,,0,0.0,0,0.5,0.5,home,0.5,0.0,rule_based,direct_cover,market,80,Direct-cover fold retrain skipped: training target has <2 classes; reused previous fold model bundle.
50065930,HKJC,2026-04-02 00:30:00+00:00,US Open Cup,San Antonio FC,FC Tulsa,0,0,home,0,0,0,0,0,0,0,0,0,0,0,0,,,,,,,,,,,,,,,,,,,,,,,,,,,,0,0,1500.0,1500.0,0.0,0,0,1,1,0,0,,,,1,,,,,,,,,1,,,,,,,,,0,0.0,0,0.5,0.5,home,0.5,0.0,rule_based,direct_cover,market,80,Direct-cover fold retrain skipped: training target has <2 classes; reused previous fold model bundle.
50065904,HKJC,2026-04-02 01:00:00+00:00,Women Mexican Premier,CF America Women,Atlas Women,2,0,home,0,0,0,0,0,0,0,0,0,0,0,0,,,,,,,,,,,,,,,,,,,,,,,,,,,,0,0,1500.0,1500.0,0.0,0,0,1,1,0,0,,,,1,,,,,,,,,1,,,,,,,,,0,0.0,0,0.5,0.5,home,0.5,0.0,rule_based,direct_cover,market,80,Direct-cover fold retrain skipped: training target has <2 classes; reused previous fold model bundle.
50065905,HKJC,2026-04-02 01:00:00+00:00,Women Mexican Premier,Atletico San Luis Women,Cruz Azul Women,3,2,home,0,0,0,0,0,0,0,0,0,0,0,0,,,,,,,,,,,,,,,,,,,,,,,,,,,,0,0,1500.0,1500.0,0.0,0,0,1,1,0,0,,,,1,,,,,,,,,1,,,,,,,,,0,0.0,0,0.5,0.5,home,0.5,0.0,rule_based,direct_cover,market,80,Direct-cover fold retrain skipped: training target has <2 classes; reused previous fold model bundle.
50065929,HKJC,2026-04-02 01:30:00+00:00,US Open Cup,New Mexico Utd,El Paso Locomotive,0,4,home,0,0,0,0,0,0,0,0,0,0,0,0,,,,,,,,,,,,,,,,,,,,,,,,,,,,0,0,1500.0,1500.0,0.0,0,0,1,1,0,0,,,,1,,,,,,,,,1,,,,,,,,,0,0.0,0,0.5,0.5,home,0.5,0.0,rule_based,direct_cover,market,84,Direct-cover fold retrain skipped: training target has <2 classes; reused previous fold model bundle.
50066108,HKJC,2026-04-02 02:00:00+00:00,US Open Cup,Orange County SC,Phoenix Rising,1,1,home,0,0,0,0,0,0,0,0,0,0,0,0,,,,,,,,,,,,,,,,,,,,,,,,,,,,0,0,1500.0,1500.0,0.0,0,0,1,1,0,0,,,,1,,,,,,,,,1,,,,,,,,,0,0.0,0,0.5,0.5,home,0.5,0.0,rule_based,direct_cover,market,84,Direct-cover fold retrain skipped: training target has <2 classes; reused previous fold model bundle.
50065906,HKJC,2026-04-02 03:00:00+00:00,Women Mexican Premier,Monterrey Women,Pumas UNAM Women,3,0,home,0,0,0,0,0,0,0,0,0,0,0,0,,,,,,,,,,,,,,,,,,,,,,,,,,,,0,0,1500.0,1500.0,0.0,0,0,1,1,0,0,,,,1,,,,,,,,,1,,,,,,,,,0,0.0,0,0.5,0.5,home,0.5,0.0,rule_based,direct_cover,market,84,Direct-cover fold retrain skipped: training target has <2 classes; reused previous fold model bundle.
50065079,HKJC,2026-04-02 08:35:00+00:00,Australian Division 1,Macarthur FC,Newcastle Jets,3,2,home,0,0,0,0,0,0,0,0,0,0,0,0,,,,,,,,,,,,,,,,,,,,,,,,,,,,0,0,1500.0,1500.0,0.0,0,0,1,1,0,0,,,,1,,,,,,,,,1,,,,,,,,,0,0.0,0,0.5,0.5,home,0.5,0.0,rule_based,direct_cover,market,84,Direct-cover fold retrain skipped: training target has <2 classes; reused previous fold model bundle.
50065841,HKJC,2026-04-02 09:00:00+00:00,U20 Women Asian Cup,Australia Women U20,Chinese Taipei Women U20,5,0,home,0,0,0,0,0,0,0,0,0,0,0,0,,,,,,,,,,,,,,,,,,,,,,,,,,,,0,0,1500.0,1500.0,0.0,0,0,1,1,0,0,,,,1,,,,,,,,,1,,,,,,,,,0,0.0,0,0.5,0.5,home,0.5,0.0,rule_based,direct_cover,market,88,Direct-cover fold retrain skipped: training target has <2 classes; reused previous fold model bundle.
50065847,HKJC,2026-04-02 09:00:00+00:00,U20 Women Asian Cup,Korea Republic Women U20,Uzbekistan Women U20,2,0,home,0,0,0,0,0,0,0,0,0,0,0,0,,,,,,,,,,,,,,,,,,,,,,,,,,,,0,0,1500.0,1500.0,0.0,0,0,1,1,0,0,,,,1,,,,,,,,,1,,,,,,,,,0,0.0,0,0.5,0.5,home,0.5,0.0,rule_based,direct_cover,market,88,Direct-cover fold retrain skipped: training target has <2 classes; reused previous fold model bundle.
50065080,HKJC,2026-04-02 10:00:00+00:00,Australian Division 1,Brisbane Roar,Sydney FC,0,0,home,0,0,0,0,0,0,0,0,0,0,0,0,,,,,,,,,,,,,,,,,,,,,,,,,,,,0,0,1500.0,1500.0,0.0,0,0,1,1,0,0,,,,1,,,,,,,,,1,,,,,,,,,0,0.0,0,0.5,0.5,home,0.5,0.0,rule_based,direct_cover,market,88,Direct-cover fold retrain skipped: training target has <2 classes; reused previous fold model bundle.
50065842,HKJC,2026-04-02 13:00:00+00:00,U20 Women Asian Cup,Japan Women U20,India Women U20,6,0,home,0,0,0,0,0,0,0,0,0,0,0,0,,,,,,,,,,,,,,,,,,,,,,,,,,,,0,0,1500.0,1500.0,0.0,0,0,1,1,0,0,,,,1,,,,,,,,,1,,,,,,,,,0,0.0,0,0.5,0.5,home,0.5,0.0,rule_based,direct_cover,market,88,Direct-cover fold retrain skipped: training target has <2 classes; reused previous fold model bundle.
50065844,HKJC,2026-04-02 13:00:00+00:00,U20 Women Asian Cup,Korea DPR Women U20,Jordan Women U20,8,0,home,0,0,0,0,0,0,0,0,0,0,0,0,,,,,,,,,,,,,,,,,,,,,,,,,,,,0,0,1500.0,1500.0,0.0,0,0,1,1,0,0,,,,1,,,,,,,,,1,,,,,,,,,0,0.0,0,0.5,0.5,home,0.5,0.0,rule_based,direct_cover,market,92,Direct-cover fold retrain skipped: training target has <2 classes; reused previous fold model bundle.
50065913,HKJC,2026-04-02 16:30:00+00:00,Cup Competition,Hacken Women,Frankfurt Women,0,1,home,0,0,0,0,0,0,0,0,0,0,0,0,,,,,,,,,,,,,,,,,,,,,,,,,,,,0,0,1500.0,1500.0,0.0,0,0,1,1,0,0,,,,1,,,,,,,,,1,,,,,,,,,0,0.0,0,0.5,0.5,home,0.5,0.0,rule_based,direct_cover,market,92,Direct-cover fold retrain skipped: training target has <2 classes; reused previous fold model bundle.
50065345,HKJC,2026-04-02 16:45:00+00:00,Women UE Champions,Barcelona Women,Real Madrid Women,6,0,home,0,0,0,0,0,0,0,0,0,0,0,0,,,,,,,,,,,,,,,,,,,,,,,,,,,,0,0,1500.0,1500.0,0.0,0,0,1,1,0,0,,,,1,,,,,,,,,1,,,,,,,,,0,0.0,0,0.5,0.5,home,0.5,0.0,rule_based,direct_cover,market,92,Direct-cover fold retrain skipped: training target has <2 classes; reused previous fold model bundle.
50065341,HKJC,2026-04-02 17:00:00+00:00,Spanish Division 2,Las Palmas,CF Granada,2,0,home,0,0,0,0,0,0,0,0,0,0,0,0,,,,,,,,,,,,,,,,,,,,,,,,,,,,0,0,1500.0,1500.0,0.0,0,0,1,1,0,0,,,,1,,,,,,,,,1,,,,,,,,,0,0.0,0,0.5,0.5,home,0.5,0.0,rule_based,direct_cover,market,92,Direct-cover fold retrain skipped: training target has <2 classes; reused previous fold model bundle.
50065912,HKJC,2026-04-02 17:00:00+00:00,Cup Competition,Hammarby Women,Sparta Prague Women,2,0,home,0,0,0,0,0,0,0,0,0,0,0,0,,,,,,,,,,,,,,,,,,,,,,,,,,,,0,0,1500.0,1500.0,0.0,0,0,1,1,0,0,,,,1,,,,,,,,,1,,,,,,,,,0,0.0,0,0.5,0.5,home,0.5,0.0,rule_based,direct_cover,market,96,Direct-cover fold retrain skipped: training target has <2 classes; reused previous fold model bundle.
50065949,HKJC,2026-04-02 17:58:00+00:00,Argentine Division 1,Barracas Central,Sarmiento,1,2,home,0,0,0,0,0,0,0,0,0,0,0,0,,,,,,,,,,,,,,,,,,,,,,,,,,,,0,0,1500.0,1500.0,0.0,0,0,1,1,0,0,,,,1,,,,,,,,,1,,,,,,,,,0,0.0,0,0.5,0.5,home,0.5,0.0,rule_based,direct_cover,market,96,Direct-cover fold retrain skipped: training target has <2 classes; reused previous fold model bundle.
50065342,HKJC,2026-04-02 18:00:00+00:00,Spanish Division 2,Castellon,Almeria,2,0,home,0,0,0,0,0,0,0,0,0,0,0,0,,,,,,,,,,,,,,,,,,,,,,,,,,,,0,0,1500.0,1500.0,0.0,0,0,1,1,0,0,,,,1,,,,,,,,,1,,,,,,,,,0,0.0,0,0.5,0.5,home,0.5,0.0,rule_based,direct_cover,market,96,Direct-cover fold retrain skipped: training target has <2 classes; reused previous fold model bundle.
50065343,HKJC,2026-04-02 18:00:00+00:00,Spanish Division 2,Real Sociedad B,Eibar,0,1,home,0,0,0,0,0,0,0,0,0,0,0,0,,,,,,,,,,,,,,,,,,,,,,,,,,,,0,0,1500.0,1500.0,0.0,0,0,1,1,0,0,,,,1,,,,,,,,,1,,,,,,,,,0,0.0,0,0.5,0.5,home,0.5,0.0,rule_based,direct_cover,market,96,Direct-cover fold retrain skipped: training target has <2 classes; reused previous fold model bundle.
50065928,HKJC,2026-04-02 18:45:00+00:00,Eng League 1,Wigan,Leyton Orient,0,0,home,0,0,0,0,0,0,0,0,0,0,0,0,,,,,,,,,,,,,,,,,,,,,,,,,,,,0,0,1500.0,1500.0,0.0,0,0,1,1,0,0,,,,1,,,,,,,,,1,,,,,,,,,0,0.0,0,0.5,0.5,home,0.5,0.0,rule_based,direct_cover,market,100,Direct-cover fold retrain skipped: training target has <2 classes; reused previous fold model bundle.
50065900,HKJC,2026-04-02 19:00:00+00:00,Women UE Champions,Lyon Women,Wolfsburg Women,1,0,home,0,0,0,0,0,0,0,0,0,0,0,0,,,,,,,,,,,,,,,,,,,,,,,,,,,,0,0,1500.0,1500.0,0.0,0,0,1,1,0,0,,,,1,,,,,,,,,1,,,,,,,,,0,0.0,0,0.5,0.5,home,0.5,0.0,rule_based,direct_cover,market,100,Direct-cover fold retrain skipped: training target has <2 classes; reused previous fold model bundle.
50065927,HKJC,2026-04-02 19:00:00+00:00,Eng League 2,Cambridge Utd,Swindon,1,1,home,0,0,0,0,0,0,0,0,0,0,0,0,,,,,,,,,,,,,,,,,,,,,,,,,,,,0,0,1500.0,1500.0,0.0,0,0,1,1,0,0,,,,1,,,,,,,,,1,,,,,,,,,0,0.0,0,0.5,0.5,home,0.5,0.0,rule_based,direct_cover,market,100,Direct-cover fold retrain skipped: training target has <2 classes; reused previous fold model bundle.
50065344,HKJC,2026-04-02 19:30:00+00:00,Spanish Division 2,Leganes,Zaragoza,1,1,home,0,0,0,0,0,0,0,0,0,0,0,0,,,,,,,,,,,,,,,,,,,,,,,,,,,,0,0,1500.0,1500.0,0.0,0,0,1,1,0,0,,,,1,,,,,,,,,1,,,,,,,,,0,0.0,0,0.5,0.5,home,0.5,0.0,rule_based,direct_cover,market,100,Direct-cover fold retrain skipped: training target has <2 classes; reused previous fold model bundle.
50065950,HKJC,2026-04-02 20:28:00+00:00,Argentine Division 1,Tigre,Independiente Rivadavia,0,2,home,0,0,0,0,0,0,0,0,0,0,0,0,,,,,,,,,,,,,,,,,,,,,,,,,,,,0,0,1500.0,1500.0,0.0,0,0,1,1,0,0,,,,1,,,,,,,,,1,,,,,,,,,0,0.0,0,0.5,0.5,home,0.5,0.0,rule_based,direct_cover,market,104,Direct-cover fold retrain skipped: training target has <2 classes; reused previous fold model bundle.
50065926,HKJC,2026-04-02 20:57:00+00:00,Chilean Division 1,Universidad Catolica,Palestino,6,1,home,0,0,0,0,0,0,0,0,0,0,0,0,,,,,,,,,,,,,,,,,,,,,,,,,,,,0,0,1500.0,1500.0,0.0,0,0,1,1,0,0,,,,1,,,,,,,,,1,,,,,,,,,0,0.0,0,0.5,0.5,home,0.5,0.0,rule_based,direct_cover,market,104,Direct-cover fold retrain skipped: training target has <2 classes; reused previous fold model bundle.
50065663,HKJC,2026-04-02 22:00:00+00:00,Brazilian Division 1,Chapecoense,Atletico Mineiro,0,4,home,0,0,0,0,0,0,0,0,0,0,0,0,,,,,,,,,,,,,,,,,,,,,,,,,,,,0,0,1500.0,1500.0,0.0,0,0,1,1,0,0,,,,1,,,,,,,,,1,,,,,,,,,0,0.0,0,0.5,0.5,home,0.5,0.0,rule_based,direct_cover,market,104,Direct-cover fold retrain skipped: training target has <2 classes; reused previous fold model bundle.
50065668,HKJC,2026-04-02 22:00:00+00:00,Brazilian Division 1,Santos,Clube do Remo,2,0,home,0,0,0,0,0,0,0,0,0,0,0,0,,,,,,,,,,,,,,,,,,,,,,,,,,,,0,0,1500.0,1500.0,0.0,0,0,1,1,0,0,,,,1,,,,,,,,,1,,,,,,,,,0,0.0,0,0.5,0.5,home,0.5,0.0,rule_based,direct_cover,market,104,Direct-cover fold retrain skipped: training target has <2 classes; reused previous fold model bundle.
50065948,HKJC,2026-04-02 23:28:00+00:00,Argentine Division 1,Talleres,Boca Juniors,0,1,home,0,0,0,0,0,0,0,0,0,0,0,0,,,,,,,,,,,,,,,,,,,,,,,,,,,,0,0,1500.0,1500.0,0.0,0,0,1,1,0,0,,,,1,,,,,,,,,1,,,,,,,,,0,0.0,0,0.5,0.5,home,0.5,0.0,rule_based,direct_cover,market,108,Direct-cover fold retrain skipped: training target has <2 classes; reused previous fold model bundle.
50065901,HKJC,2026-04-03 00:30:00+00:00,Brazilian Division 1,RB Bragantino,Flamengo,3,0,home,0,0,0,0,0,0,0,0,0,0,0,0,,,,,,,,,,,,,,,,,,,,,,,,,,,,0,0,1500.0,1500.0,0.0,0,0,1,1,0,0,,,,1,,,,,,,,,1,,,,,,,,,0,0.0,0,0.5,0.5,home,0.5,0.0,rule_based,direct_cover,market,108,Direct-cover fold retrain skipped: training target has <2 classes; reused previous fold model bundle.
50065902,HKJC,2026-04-03 00:30:00+00:00,Brazilian Division 1,Palmeiras,Gremio,2,1,home,0,0,0,0,0,0,0,0,0,0,0,0,,,,,,,,,,,,,,,,,,,,,,,,,,,,0,0,1500.0,1500.0,0.0,0,0,1,1,0,0,,,,1,,,,,,,,,1,,,,,,,,,0,0.0,0,0.5,0.5,home,0.5,0.0,rule_based,direct_cover,market,108,Direct-cover fold retrain skipped: training target has <2 classes; reused previous fold model bundle.
50065907,HKJC,2026-04-03 01:00:00+00:00,Women Mexican Premier,Santos Laguna Women,Pachuca Women,1,2,home,0,0,0,0,0,0,0,0,0,0,0,0,,,,,,,,,,,,,,,,,,,,,,,,,,,,0,0,1500.0,1500.0,0.0,0,0,1,1,0,0,,,,1,,,,,,,,,1,,,,,,,,,0,0.0,0,0.5,0.5,home,0.5,0.0,rule_based,direct_cover,market,108,Direct-cover fold retrain skipped: training target has <2 classes; reused previous fold model bundle.
50065908,HKJC,2026-04-03 03:06:00+00:00,Women Mexican Premier,Tijuana Women,Tigres UANL Women,0,2,home,0,0,0,0,0,0,0,0,0,0,0,0,,,,,,,,,,,,,,,,,,,,,,,,,,,,0,0,1500.0,1500.0,0.0,0,0,1,1,0,0,,,,1,,,,,,,,,1,,,,,,,,,0,0.0,0,0.5,0.5,home,0.5,0.0,rule_based,direct_cover,market,112,Direct-cover fold retrain skipped: training target has <2 classes; reused previous fold model bundle.
50065359,HKJC,2026-04-03 05:50:00+00:00,Women Australian Division 1,Adelaide Utd Women,Wellington Phoenix Women,0,2,home,0,0,0,0,0,0,0,0,0,0,0,0,,,,,,,,,,,,,,,,,,,,,,,,,,,,0,0,1500.0,1500.0,0.0,0,0,1,1,0,0,,,,1,,,,,,,,,1,,,,,,,,,0,0.0,0,0.5,0.5,home,0.5,0.0,rule_based,direct_cover,market,112,Direct-cover fold retrain skipped: training target has <2 classes; reused previous fold model bundle.
50065976,HKJC,2026-04-03 06:00:00+00:00,Australian NPL - New South Wales,APIA Leichhardt,Western Sydney Wanderers B,4,1,home,0,0,0,0,0,0,0,0,0,0,0,0,,,,,,,,,,,,,,,,,,,,,,,,,,,,0,0,1500.0,1500.0,0.0,0,0,1,1,0,0,,,,1,,,,,,,,,1,,,,,,,,,0,0.0,0,0.5,0.5,home,0.5,0.0,rule_based,direct_cover,market,112,Direct-cover fold retrain skipped: training target has <2 classes; reused previous fold model bundle.
50065385,HKJC,2026-04-03 08:00:00+00:00,Women Australian Division 1,Perth Glory Women,Melbourne Victory Women,0,1,home,0,0,0,0,0,0,0,0,0,0,0,0,,,,,,,,,,,,,,,,,,,,,,,,,,,,0,0,1500.0,1500.0,0.0,0,0,1,1,0,0,,,,1,,,,,,,,,1,,,,,,,,,0,0.0,0,0.5,0.5,home,0.5,0.0,rule_based,direct_cover,market,112,Direct-cover fold retrain skipped: training target has <2 classes; reused previous fold model bundle.
50065975,HKJC,2026-04-03 08:00:00+00:00,Australian NPL - New South Wales,Manly Utd,Sydney FC B,1,1,home,0,0,0,0,0,0,0,0,0,0,0,0,,,,,,,,,,,,,,,,,,,,,,,,,,,,0,0,1500.0,1500.0,0.0,0,0,1,1,0,0,,,,1,,,,,,,,,1,,,,,,,,,0,0.0,0,0.5,0.5,home,0.5,0.0,rule_based,direct_cover,market,116,Direct-cover fold retrain skipped: training target has <2 classes; reused previous fold model bundle.
50065077,HKJC,2026-04-03 08:35:00+00:00,Australian Division 1,Adelaide Utd,Auckland FC,1,1,home,0,0,0,0,0,0,0,0,0,0,0,0,,,,,,,,,,,,,,,,,,,,,,,,,,,,0,0,1500.0,1500.0,0.0,0,0,1,1,0,0,,,,1,,,,,,,,,1,,,,,,,,,0,0.0,0,0.5,0.5,home,0.5,0.0,rule_based,direct_cover,market,116,Direct-cover fold retrain skipped: training target has <2 classes; reused previous fold model bundle.
50066237,HKJC,2026-04-03 10:00:00+00:00,Women Spanish Division 1,Eibar Women,Tenerife Women,0,0,home,0,0,0,0,0,0,0,0,0,0,0,0,,,,,,,,,,,,,,,,,,,,,,,,,,,,0,0,1500.0,1500.0,0.0,0,0,1,1,0,0,,,,1,,,,,,,,,1,,,,,,,,,0,0.0,0,0.5,0.5,home,0.5,0.0,rule_based,direct_cover,market,116,Direct-cover fold retrain skipped: training target has <2 classes; reused previous fold model bundle.
50065972,HKJC,2026-04-03 11:00:00+00:00,Thai League 1,Bangkok Utd,Sukhothai,2,0,home,0,0,0,0,0,0,0,0,0,0,0,0,,,,,,,,,,,,,,,,,,,,,,,,,,,,0,0,1500.0,1500.0,0.0,0,0,1,1,0,0,,,,1,,,,,,,,,1,,,,,,,,,0,0.0,0,0.5,0.5,home,0.5,0.0,rule_based,direct_cover,market,116,Direct-cover fold retrain skipped: training target has <2 classes; reused previous fold model bundle.
50066327,HKJC,2026-04-03 11:00:00+00:00,Women Swedish Division 1,Kristianstads Women,Djurgardens Women,4,1,home,0,0,0,0,0,0,0,0,0,0,0,0,,,,,,,,,,,,,,,,,,,,,,,,,,,,0,0,1500.0,1500.0,0.0,0,0,1,1,0,0,,,,1,,,,,,,,,1,,,,,,,,,0,0.0,0,0.5,0.5,home,0.5,0.0,rule_based,direct_cover,market,120,Direct-cover fold retrain skipped: training target has <2 classes; reused previous fold model bundle.
50065486,HKJC,2026-04-03 11:30:00+00:00,Eng Championship,Middlesbrough,Millwall,1,2,home,0,0,0,0,0,0,0,0,0,0,0,0,,,,,,,,,,,,,,,,,,,,,,,,,,,,0,0,1500.0,1500.0,0.0,0,0,1,1,0,0,,,,1,,,,,,,,,1,,,,,,,,,0,0.0,0,0.5,0.5,home,0.5,0.0,rule_based,direct_cover,market,120,Direct-cover fold retrain skipped: training target has <2 classes; reused previous fold model bundle.
50065938,HKJC,2026-04-03 11:30:00+00:00,Eng League 1,Doncaster,Mansfield,0,2,home,0,0,0,0,0,0,0,0,0,0,0,0,,,,,,,,,,,,,,,,,,,,,,,,,,,,0,0,1500.0,1500.0,0.0,0,0,1,1,0,0,,,,1,,,,,,,,,1,,,,,,,,,0,0.0,0,0.5,0.5,home,0.5,0.0,rule_based,direct_cover,market,120,Direct-cover fold retrain skipped: training target has <2 classes; reused previous fold model bundle.
50065717,HKJC,2026-04-03 13:00:00+00:00,Women Swedish Division 1,Vaxjo Women,Eskilstuna Utd Women,3,0,home,0,0,0,0,0,0,0,0,0,0,0,0,,,,,,,,,,,,,,,,,,,,,,,,,,,,0,0,1500.0,1500.0,0.0,0,0,1,1,0,0,,,,1,,,,,,,,,1,,,,,,,,,0,0.0,0,0.5,0.5,home,0.5,0.0,rule_based,direct_cover,market,120,Direct-cover fold retrain skipped: training target has <2 classes; reused previous fold model bundle.
50065483,HKJC,2026-04-03 14:00:00+00:00,Eng Championship,Leicester,Preston,2,2,home,0,0,0,0,0,0,0,0,0,0,0,0,,,,,,,,,,,,,,,,,,,,,,,,,,,,0,0,1500.0,1500.0,0.0,0,0,1,1,0,0,,,,1,,,,,,,,,1,,,,,,,,,0,0.0,0,0.5,0.5,home,0.5,0.0,rule_based,direct_cover,market,124,Direct-cover fold retrain skipped: training target has <2 classes; reused previous fold model bundle.
50065484,HKJC,2026-04-03 14:00:00+00:00,Eng Championship,Oxford Utd,Hull City,1,1,home,0,0,0,0,0,0,0,0,0,0,0,0,,,,,,,,,,,,,,,,,,,,,,,,,,,,0,0,1500.0,1500.0,0.0,0,0,1,1,0,0,,,,1,,,,,,,,,1,,,,,,,,,0,0.0,0,0.5,0.5,home,0.5,0.0,rule_based,direct_cover,market,124,Direct-cover fold retrain skipped: training target has <2 classes; reused previous fold model bundle.
50065485,HKJC,2026-04-03 14:00:00+00:00,Eng Championship,Charlton,Bristol City,1,2,home,0,0,0,0,0,0,0,0,0,0,0,0,,,,,,,,,,,,,,,,,,,,,,,,,,,,0,0,1500.0,1500.0,0.0,0,0,1,1,0,0,,,,1,,,,,,,,,1,,,,,,,,,0,0.0,0,0.5,0.5,home,0.5,0.0,rule_based,direct_cover,market,124,Direct-cover fold retrain skipped: training target has <2 classes; reused previous fold model bundle.
50065487,HKJC,2026-04-03 14:00:00+00:00,Eng Championship,QPR,Watford,2,1,home,0,0,0,0,0,0,0,0,0,0,0,0,,,,,,,,,,,,,,,,,,,,,,,,,,,,0,0,1500.0,1500.0,0.0,0,0,1,1,0,0,,,,1,,,,,,,,,1,,,,,,,,,0,0.0,0,0.5,0.5,home,0.5,0.0,rule_based,direct_cover,market,124,Direct-cover fold retrain skipped: training target has <2 classes; reused previous fold model bundle.
50065488,HKJC,2026-04-03 14:00:00+00:00,Eng Championship,Norwich,Portsmouth,1,1,home,0,0,0,0,0,0,0,0,0,0,0,0,,,,,,,,,,,,,,,,,,,,,,,,,,,,0,0,1500.0,1500.0,0.0,0,0,1,1,0,0,,,,1,,,,,,,,,1,,,,,,,,,0,0.0,0,0.5,0.5,home,0.5,0.0,rule_based,direct_cover,market,128,Direct-cover fold retrain skipped: training target has <2 classes; reused previous fold model bundle.
50065489,HKJC,2026-04-03 14:00:00+00:00,Eng Championship,Birmingham,Blackburn,0,1,home,0,0,0,0,0,0,0,0,0,0,0,0,,,,,,,,,,,,,,,,,,,,,,,,,,,,0,0,1500.0,1500.0,0.0,0,0,1,1,0,0,,,,1,,,,,,,,,1,,,,,,,,,0,0.0,0,0.5,0.5,home,0.5,0.0,rule_based,direct_cover,market,128,Direct-cover fold retrain skipped: training target has <2 classes; reused previous fold model bundle.
50065490,HKJC,2026-04-03 14:00:00+00:00,Eng Championship,West Bromwich,Wrexham,2,2,home,0,0,0,0,0,0,0,0,0,0,0,0,,,,,,,,,,,,,,,,,,,,,,,,,,,,0,0,1500.0,1500.0,0.0,0,0,1,1,0,0,,,,1,,,,,,,,,1,,,,,,,,,0,0.0,0,0.5,0.5,home,0.5,0.0,rule_based,direct_cover,market,128,Direct-cover fold retrain skipped: training target has <2 classes; reused previous fold model bundle.
50065491,HKJC,2026-04-03 14:00:00+00:00,Eng Championship,Sheff Utd,Swansea,3,3,home,0,0,0,0,0,0,0,0,0,0,0,0,,,,,,,,,,,,,,,,,,,,,,,,,,,,0,0,1500.0,1500.0,0.0,0,0,1,1,0,0,,,,1,,,,,,,,,1,,,,,,,,,0,0.0,0,0.5,0.5,home,0.5,0.0,rule_based,direct_cover,market,128,Direct-cover fold retrain skipped: training target has <2 classes; reused previous fold model bundle.
50065493,HKJC,2026-04-03 14:00:00+00:00,Eng Championship,Stoke,Sheff Wednesday,2,0,home,0,0,0,0,0,0,0,0,0,0,0,0,,,,,,,,,,,,,,,,,,,,,,,,,,,,0,0,1500.0,1500.0,0.0,0,0,1,1,0,0,,,,1,,,,,,,,,1,,,,,,,,,0,0.0,0,0.5,0.5,home,0.5,0.0,rule_based,direct_cover,market,132,Direct-cover fold retrain skipped: training target has <2 classes; reused previous fold model bundle.
50065952,HKJC,2026-04-03 14:00:00+00:00,Eng League 1,Plymouth,Bolton,1,2,home,0,0,0,0,0,0,0,0,0,0,0,0,,,,,,,,,,,,,,,,,,,,,,,,,,,,0,0,1500.0,1500.0,0.0,0,0,1,1,0,0,,,,1,,,,,,,,,1,,,,,,,,,0,0.0,0,0.5,0.5,home,0.5,0.0,rule_based,direct_cover,market,132,Direct-cover fold retrain skipped: training target has <2 classes; reused previous fold model bundle.
50065953,HKJC,2026-04-03 14:00:00+00:00,Eng League 1,Rotherham,Stevenage,0,0,home,0,0,0,0,0,0,0,0,0,0,0,0,,,,,,,,,,,,,,,,,,,,,,,,,,,,0,0,1500.0,1500.0,0.0,0,0,1,1,0,0,,,,1,,,,,,,,,1,,,,,,,,,0,0.0,0,0.5,0.5,home,0.5,0.0,rule_based,direct_cover,market,132,Direct-cover fold retrain skipped: training target has <2 classes; reused previous fold model bundle.
50065954,HKJC,2026-04-03 14:00:00+00:00,Eng League 1,Luton,Peterborough,2,1,home,0,0,0,0,0,0,0,0,0,0,0,0,,,,,,,,,,,,,,,,,,,,,,,,,,,,0,0,1500.0,1500.0,0.0,0,0,1,1,0,0,,,,1,,,,,,,,,1,,,,,,,,,0,0.0,0,0.5,0.5,home,0.5,0.0,rule_based,direct_cover,market,132,Direct-cover fold retrain skipped: training target has <2 classes; reused previous fold model bundle.
50065955,HKJC,2026-04-03 14:00:00+00:00,Eng League 1,Bradford,Northampton,1,0,home,0,0,0,0,0,0,0,0,0,0,0,0,,,,,,,,,,,,,,,,,,,,,,,,,,,,0,0,1500.0,1500.0,0.0,0,0,1,1,0,0,,,,1,,,,,,,,,1,,,,,,,,,0,0.0,0,0.5,0.5,home,0.5,0.0,rule_based,direct_cover,market,136,Direct-cover fold retrain skipped: training target has <2 classes; reused previous fold model bundle.
50065979,HKJC,2026-04-03 14:00:00+00:00,Eng League 1,Lincoln City,AFC Wimbledon,1,0,home,0,0,0,0,0,0,0,0,0,0,0,0,,,,,,,,,,,,,,,,,,,,,,,,,,,,0,0,1500.0,1500.0,0.0,0,0,1,1,0,0,,,,1,,,,,,,,,1,,,,,,,,,0,0.0,0,0.5,0.5,home,0.5,0.0,rule_based,direct_cover,market,136,Direct-cover fold retrain skipped: training target has <2 classes; reused previous fold model bundle.
50065995,HKJC,2026-04-03 14:00:00+00:00,Eng League 1,Stockport,Wycombe,3,0,home,0,0,0,0,0,0,0,0,0,0,0,0,,,,,,,,,,,,,,,,,,,,,,,,,,,,0,0,1500.0,1500.0,0.0,0,0,1,1,0,0,,,,1,,,,,,,,,1,,,,,,,,,0,0.0,0,0.5,0.5,home,0.5,0.0,rule_based,direct_cover,market,136,Direct-cover fold retrain skipped: training target has <2 classes; reused previous fold model bundle.
50065996,HKJC,2026-04-03 14:00:00+00:00,Eng League 1,Huddersfield,Reading,1,1,home,0,0,0,0,0,0,0,0,0,0,0,0,,,,,,,,,,,,,,,,,,,,,,,,,,,,0,0,1500.0,1500.0,0.0,0,0,1,1,0,0,,,,1,,,,,,,,,1,,,,,,,,,0,0.0,0,0.5,0.5,home,0.5,0.0,rule_based,direct_cover,market,136,Direct-cover fold retrain skipped: training target has <2 classes; reused previous fold model bundle.
50065997,HKJC,2026-04-03 14:00:00+00:00,Eng League 1,Burton Albion,Barnsley,1,1,home,0,0,0,0,0,0,0,0,0,0,0,0,,,,,,,,,,,,,,,,,,,,,,,,,,,,0,0,1500.0,1500.0,0.0,0,0,1,1,0,0,,,,1,,,,,,,,,1,,,,,,,,,0,0.0,0,0.5,0.5,home,0.5,0.0,rule_based,direct_cover,market,140,Direct-cover fold retrain skipped: training target has <2 classes; reused previous fold model bundle.
50065998,HKJC,2026-04-03 14:00:00+00:00,Eng League 1,Blackpool,Exeter City,1,0,home,0,0,0,0,0,0,0,0,0,0,0,0,,,,,,,,,,,,,,,,,,,,,,,,,,,,0,0,1500.0,1500.0,0.0,0,0,1,1,0,0,,,,1,,,,,,,,,1,,,,,,,,,0,0.0,0,0.5,0.5,home,0.5,0.0,rule_based,direct_cover,market,140,Direct-cover fold retrain skipped: training target has <2 classes; reused previous fold model bundle.
50065773,HKJC,2026-04-03 14:30:00+00:00,Portuguese Premier,Gil Vicente,AVS,3,0,home,0,0,0,0,0,0,0,0,0,0,0,0,,,,,,,,,,,,,,,,,,,,,,,,,,,,0,0,1500.0,1500.0,0.0,0,0,1,1,0,0,,,,1,,,,,,,,,1,,,,,,,,,0,0.0,0,0.5,0.5,home,0.5,0.0,rule_based,direct_cover,market,140,Direct-cover fold retrain skipped: training target has <2 classes; reused previous fold model bundle.
50065966,HKJC,2026-04-03 15:30:00+00:00,Qatar Stars League,Al Shahania,Al Arabi Doha,0,2,home,0,0,0,0,0,0,0,0,0,0,0,0,,,,,,,,,,,,,,,,,,,,,,,,,,,,0,0,1500.0,1500.0,0.0,0,0,1,1,0,0,,,,1,,,,,,,,,1,,,,,,,,,0,0.0,0,0.5,0.5,home,0.5,0.0,rule_based,direct_cover,market,140,Direct-cover fold retrain skipped: training target has <2 classes; reused previous fold model bundle.
50065971,HKJC,2026-04-03 15:30:00+00:00,Qatar Stars League,Qatar SC,Al Wakrah,1,4,home,0,0,0,0,0,0,0,0,0,0,0,0,,,,,,,,,,,,,,,,,,,,,,,,,,,,0,0,1500.0,1500.0,0.0,0,0,1,1,0,0,,,,1,,,,,,,,,1,,,,,,,,,0,0.0,0,0.5,0.5,home,0.5,0.0,rule_based,direct_cover,market,144,Direct-cover fold retrain skipped: training target has <2 classes; reused previous fold model bundle.
